# Independent extraction of the same syllabus by github.com/harukicoder/hsk30 (MIT), levels 1–3.
# Used only to cross-check levels in tests/unit/hsk.test.ts.
word	level
一	1
一下	1
一些	1
一会儿	2
一共	3
一半	1
一块儿	3
一定	3
一样	3
一点儿	1
一直	3
一般	3
一起	2
一边	3
七	1
万	2
丈夫	2
三	1
上	1
上午	1
上去	2
上学	1
上来	2
上班	1
上网	2
上衣	3
上课	1
上面	2
下	1
下午	1
下去	2
下来	2
下班	1
下课	1
下雨	1
下面	2
不	1
不久	3
不但	3
不同	3
不好意思	2
不客气	1
不用	3
不行	3
不要	1
不见	3
不错	2
世界	3
东	3
东北	3
东南	3
东方	3
东西	1
丢	3
两	1
个	1
个子	2
中	3
中午	1
中国	1
中学	1
中学生	1
中文	1
中间	3
为	3
为了	3
为什么	2
主要	3
久	3
九	1
也	1
习惯	3
书	1
书包	2
书店	1
买	1
了	1
了解	3
事	1
事情	2
二	1
五	1
些	1
人	1
什么	1
今天	1
今年	1
介绍	2
从	2
从小	2
他	1
他们	1
以上	3
以下	3
以为	3
以前	3
以后	3
以外	3
们	1
件	1
休假	3
休息	1
会	1
会议	3
伞	3
但	2
但是	2
位	2
住	1
住院	3
体育	3
体育馆	3
作业	3
你	1
你们	1
你好	1
便宜	1
信	3
信用卡	3
借	3
假期	3
做	1
做客	3
做饭	1
健康	3
像	3
儿子	1
元	1
先	3
先生	1
八	1
公交车	2
公司	1
公园	3
公斤	3
六	1
关	3
关于	3
关心	3
关机	3
关注	3
关系	3
兴趣	3
其他	3
其实	3
养	3
再	1
再见	1
写	1
冬天	3
冰	3
冰激凌	3
冰箱	3
决定	3
冷	1
准备	2
凉快	3
几	1
几乎	3
出	2
出去	2
出发	3
出国	2
出来	2
出生	3
出租车	1
出门	2
出院	3
分	1
分开	3
分钟	1
刚	3
刚刚	3
刚才	3
初中	3
别	2
别人	3
别的	3
刮	3
到	1
到处	3
刷	3
刻	3
前	1
前天	3
前年	3
前面	2
办	3
办公室	3
办法	3
加	3
动	2
动物	3
动物园	3
努力	3
勺子	3
包	2
包子	1
北	3
北方	3
医生	1
医院	1
十	1
千	1
午饭	1
半	1
半天	3
卖	1
南	3
南方	3
卡	3
卫生间	3
历史	3
去	1
去年	1
参加	3
又	3
双	3
发	3
发展	3
发烧	3
发现	3
发生	3
叔叔	3
受	3
受到	3
变	3
变化	3
变成	3
口	1
句	3
句子	3
只	1
只是	3
只有	3
只能	3
只要	3
叫	1
可	3
可以	1
可是	3
可爱	3
可能	2
右	2
右边	2
号	1
号码	3
司机	3
吃	1
合适	3
同事	3
同学	1
同意	3
名	2
名人	3
名单	3
名字	1
后	1
后天	3
后年	3
后来	3
后面	2
向	3
吗	1
吧	1
听	1
听见	1
听说	3
告诉	2
员	3
呢	1
周	2
周末	3
和	1
咖啡	2
咱们	3
哥哥	1
哪	1
哪个	1
哪些	1
哪儿	1
哪里	1
哭	3
唱	1
商场	2
商店	1
啊	2
啤酒	3
喂	1
喜欢	1
喜爱	3
喝	1
嘴	3
四	1
四季	3
回	1
回去	2
回来	2
回答	3
因为	2
园	3
国	1
国家	3
图书馆	3
在	1
地	2
地图	3
地方	3
地点	3
地铁	2
坏	2
坐	1
块	1
坚持	3
城市	3
声	3
声音	3
复习	3
夏天	3
外	1
外卖	3
外国	2
外地	3
外语	3
外边	1
外面	2
多	1
多少	1
大	1
大人	3
大学	1
大学生	1
大家	1
大小	3
大概	3
大熊猫	3
大衣	3
天	1
天气	1
太	1
太阳	3
夫妻	3
头	2
头发	3
奇怪	3
女	1
女人	3
女儿	1
女士	1
女孩儿	2
女朋友	1
女生	3
奶奶	2
奶茶	2
她	1
她们	1
好	1
好久	3
好像	3
好吃	1
好听	1
好多	3
好玩儿	1
好看	1
如果	3
妈妈	1
妹妹	1
妻子	2
姐妹	3
姐姐	1
姓	2
姓名	2
子	3
字	1
字典	3
季	3
季节	3
学	1
学习	1
学期	3
学校	1
学生	1
孩子	1
它	1
它们	1
安全	3
安静	3
完	2
完成	3
客人	3
室	3
害怕	3
家	1
家人	1
容易	3
宾馆	3
对	1
对不起	1
对话	3
封	3
小	1
小区	3
小学	1
小学生	1
小孩儿	2
小心	3
小时	1
小时候	2
小朋友	1
少	1
尝	3
就	2
层	3
屋子	3
山	3
岁	1
工作	1
工作日	3
左	2
左边	2
差	3
差不多	3
已经	2
市	3
希望	2
带	3
帮	2
帮助	3
帮忙	2
常	3
常常	3
常用	3
常见	3
干	3
干净	3
平时	3
年	1
年级	3
年轻	3
床	2
应该	3
店	1
开	1
开会	3
开始	2
开学	2
开心	3
开机	3
开花	3
开车	1
弟弟	1
张	3
当然	3
影响	3
往	2
很	1
得	2
得分	3
得到	3
心里	3
必须	3
忘	2
忘记	3
忙	1
快	2
快乐	2
快要	2
怎么	1
怎么办	3
怎么样	1
怎样	3
怕	3
急	3
总	3
总是	3
您	1
想	1
意思	2
感兴趣	3
感冒	3
感到	3
愿意	3
慢	2
懂	2
懂得	3
成绩	3
我	1
我们	1
或	3
或者	3
房子	3
房间	1
所以	2
手	2
手机	1
手表	2
才	3
打	2
打开	2
打扫	3
打电话	1
打算	3
打车	2
扫	3
找	1
把	3
护照	3
报纸	3
担心	3
拍照	3
拿	2
挺	3
换	3
接	3
提高	3
搬	3
搬家	3
收	3
收到	3
放	3
放假	3
放学	3
放心	3
故事	3
教	2
教室	2
数学	3
文化	3
斤	3
新	1
新年	3
新闻	3
新鲜	3
方便	3
方便面	3
方向	3
方法	3
旁边	2
旅游	2
日	1
旧	3
早	1
早上	1
早饭	1
时	2
时候	1
时间	1
明天	1
明年	1
明白	3
星期	1
星期天	1
星期日	1
春天	3
昨天	1
是	1
晚	1
晚上	1
晚会	3
晚点	3
晚饭	1
晴	2
更	3
最	2
最后	3
最好	3
最近	3
月	1
月亮	3
有	1
有些	1
有关	3
有名	3
有意思	2
有时	2
有点儿	1
有用	3
有的	1
朋友	1
服务	3
本	1
本子	2
机会	3
机场	2
机票	2
条	2
来	1
来自	3
杯子	1
极	3
查	3
树	3
校园	3
校长	3
根据	3
桌子	1
检查	3
检票	3
椅子	1
楼	2
楼梯	3
次	2
欢迎	3
歌	1
正	2
正在	1
段	3
每	2
比	2
比如	3
比赛	3
比较	3
毛	3
水	1
水平	3
水果	1
汉字	1
汉语	1
汽车	3
沙发	3
没事	1
没关系	1
没意思	2
没有	1
河	3
注意	3
洗	2
洗手间	2
洗澡	3
洗衣机	3
海	3
清楚	3
渴	3
游	2
游客	3
游戏	3
游泳	2
满意	3
漂亮	1
火车	1
灯	3
点	1
热	1
热情	3
然后	3
照	3
照片	3
照相	3
照顾	3
爬	3
爱	1
爱人	3
爱好	2
爷爷	2
爸爸	1
牙	3
牙刷	3
牛	3
牛奶	1
特别	3
狗	1
猫	1
玩	1
环境	3
现在	1
班	2
班级	3
球	2
球场	3
瓶子	3
甜	3
生日	2
生气	3
生活	3
生病	1
用	3
电	3
电子书	3
电影	1
电影院	1
电梯	3
电脑	1
电视	1
电话	1
男	1
男人	3
男孩儿	2
男朋友	1
男生	3
画	2
画家	3
留学	3
留学生	3
疼	2
病	1
病人	3
瘦	3
白天	1
白色	2
百	1
的	1
的话	3
盘子	3
直到	3
相信	3
相机	3
看	1
看来	3
看病	1
看见	1
真	1
眼睛	2
着	2
着急	3
睡	1
睡觉	1
知道	1
短	3
短裤	3
矮	3
矿泉水	3
碗	3
礼物	3
票	2
离	2
离开	3
秋天	3
种	3
空调	3
穿	1
突然	3
站	2
笑	2
笔	2
笔记	3
笔记本	3
第	1
等	2
筷子	3
简单	3
箱子	3
篮球	2
米	3
米饭	1
糖	3
累	2
红绿灯	3
红色	2
红茶	2
纸	3
练	3
练习	3
终于	3
经常	2
经理	3
经过	3
结婚	3
结束	3
给	1
绿色	2
绿茶	2
网上	2
网球	3
网站	3
羊	3
羽毛球	3
老	3
老人	3
老师	1
考	2
考试	2
而且	3
耳朵	3
耳机	3
聊	3
聊天儿	3
聪明	3
肉	2
胖	3
能	1
脏	3
脚	3
脸	3
腿	3
自己	2
自行车	3
舒服	2
船	3
节	3
节日	3
节目	3
花	2
花园	3
苹果	1
茶	1
草	3
草地	3
药	2
药店	2
菜	1
菜单	3
蓝	3
虽然	2
蛋糕	3
行	3
行李	3
街	3
衣服	1
表演	3
衬衫	3
被	3
裙子	3
裤子	2
西	3
西北	3
西南	3
西方	3
西瓜	3
要	1
要求	3
见	1
见面	3
觉得	1
角	3
解决	3
认为	3
认得	3
认真	3
认识	1
让	2
记	3
记得	2
讲	3
词	2
词典	3
试	3
该	3
语言	3
说	1
说话	1
请	1
请假	3
请客	3
请问	1
读	1
读书	1
课	1
课文	3
课本	3
谁	1
谢谢	1
贵	1
走	2
走路	2
起	3
起床	1
起来	2
起飞	3
超市	1
越	3
足球	2
跑	2
跑步	2
跟	2
路	2
路上	2
路口	3
路边	3
跳	3
跳舞	2
踢	2
身体	2
身边	3
身高	3
车	1
车站	2
辆	3
边	1
过	2
过去	2
过年	2
过来	2
过节	3
运动	2
运动会	3
运动员	3
近	2
还	1
还是	2
这	1
这个	1
这么	2
这些	1
这儿	1
这样	2
这边	1
这里	1
进	2
进去	2
进来	2
远	2
迟到	3
送	2
选	3
选择	3
遇到	3
遇见	3
遍	3
那	1
那个	1
那么	2
那些	1
那儿	1
那样	2
那边	1
那里	1
邮件	3
邮箱	3
邻居	3
都	1
酒	3
酒店	2
里	1
里面	2
重要	3
钱	1
铅笔	3
银行	3
银行卡	3
错	2
锻炼	3
长	2
门	2
门口	2
门票	2
问	1
问题	1
间	2
阴	2
阿姨	3
附近	3
除了	3
难	3
难听	3
难看	3
难过	3
难题	3
雨	1
雨衣	3
雪	1
零	1
需要	3
非常	1
面	2
面前	3
面包	1
面条儿	1
鞋	3
音乐	3
页	3
题	2
颜色	2
风	3
飞	2
飞机	1
饭	1
饭店	1
饭馆	2
饮料	3
饱	3
饺子	1
饿	3
香蕉	3
马	3
马上	3
马路	3
骑	3
高	2
高中	2
高兴	1
高铁	3
鱼	2
鸟	2
鸡	3
鸡蛋	1
黄色	3
黑板	3
黑色	2
